ACB, 3.5, 06:00
ACB, 3.53, 06:15
ACB, 3.51, 06:31
ACB, 3.51, 06:32
ACB, 3.54, 06:42
ACB, 3.53, 07:18
ACB, 3.54, 07:21
ACB, 3.55, 07:33
ACB, 3.56, 07:34
ACB, 3.54, 07:41
ACB, 3.54, 07:45
ACB, 3.54, 07:49
ACB, 3.54, 08:00
ACB, 3.55, 08:02
ACB, 3.54, 08:03
ACB, 3.55, 08:04
ACB, 3.5401, 08:06
ACB, 3.54, 08:11
ACB, 3.54, 08:13
ACB, 3.54, 08:14
ACB, 3.54, 08:15
ACB, 3.53, 08:19
ACB, 3.54, 08:24
ACB, 3.57, 08:25
ACB, 3.49, 08:30
ACB, 3.5219, 08:31
ACB, 3.52, 08:32
ACB, 3.51, 08:33
ACB, 3.5, 08:34
ACB, 3.5402, 08:35
ACB, 3.53, 08:36
ACB, 3.5, 08:37
ACB, 3.503, 08:38
ACB, 3.5, 08:39
ACB, 3.4827, 08:40
ACB, 3.475, 08:41
ACB, 3.47, 08:42
ACB, 3.46, 08:43
ACB, 3.455, 08:44
ACB, 3.46, 08:45
ACB, 3.45, 08:46
ACB, 3.4371, 08:47
ACB, 3.4305, 08:48
ACB, 3.425, 08:49
ACB, 3.44, 08:50
ACB, 3.4499, 08:51
ACB, 3.46, 08:52
ACB, 3.46, 08:53
ACB, 3.4497, 08:54
ACB, 3.44, 08:55
ACB, 3.4378, 08:56
ACB, 3.4332, 08:57
ACB, 3.4486, 08:58
ACB, 3.46, 08:59
ACB, 3.46, 09:00
ACB, 3.46, 09:01
ACB, 3.4381, 09:02
ACB, 3.4265, 09:03
ACB, 3.44, 09:04
ACB, 3.4272, 09:05
ACB, 3.42, 09:06
ACB, 3.4154, 09:07
ACB, 3.4194, 09:08
ACB, 3.4232, 09:09
ACB, 3.4158, 09:10
ACB, 3.415, 09:11
ACB, 3.42, 09:12
ACB, 3.4177, 09:13
ACB, 3.4201, 09:14
ACB, 3.43, 09:15
ACB, 3.42, 09:16
ACB, 3.41, 09:17
ACB, 3.42, 09:18
ACB, 3.4, 09:19
ACB, 3.4042, 09:20
ACB, 3.4, 09:21
ACB, 3.4099, 09:22
ACB, 3.405, 09:23
ACB, 3.4068, 09:24
ACB, 3.405, 09:25
ACB, 3.4, 09:26
ACB, 3.4096, 09:27
ACB, 3.4099, 09:28
ACB, 3.4043, 09:29
ACB, 3.3999, 09:30
ACB, 3.377, 09:31
ACB, 3.38, 09:32
ACB, 3.3896, 09:33
ACB, 3.3921, 09:34
ACB, 3.39, 09:35
ACB, 3.4123, 09:36
ACB, 3.415, 09:37
ACB, 3.41, 09:38
ACB, 3.4041, 09:39
ACB, 3.4003, 09:40
ACB, 3.4012, 09:41
ACB, 3.39, 09:42
ACB, 3.39, 09:43
ACB, 3.3849, 09:44
ACB, 3.39, 09:45
ACB, 3.38, 09:46
ACB, 3.383, 09:47
ACB, 3.38, 09:48
ACB, 3.38, 09:49
ACB, 3.3874, 09:50
ACB, 3.385, 09:51
ACB, 3.39, 09:52
ACB, 3.385, 09:53
ACB, 3.385, 09:54
ACB, 3.38, 09:55
ACB, 3.375, 09:56
ACB, 3.3781, 09:57
ACB, 3.3732, 09:58
ACB, 3.3788, 09:59
ACB, 3.3799, 10:00
ACB, 3.35, 10:01
ACB, 3.3599, 10:02
ACB, 3.36, 10:03
ACB, 3.352, 10:04
ACB, 3.357, 10:05
ACB, 3.34, 10:06
ACB, 3.345, 10:07
ACB, 3.35, 10:08
ACB, 3.34, 10:09
ACB, 3.3415, 10:10
ACB, 3.33, 10:11
ACB, 3.3322, 10:12
ACB, 3.34, 10:13
ACB, 3.34, 10:14
ACB, 3.347, 10:15
ACB, 3.3529, 10:16
ACB, 3.3481, 10:17
ACB, 3.3599, 10:18
ACB, 3.3574, 10:19
ACB, 3.3477, 10:20
ACB, 3.34, 10:21
ACB, 3.3418, 10:22
ACB, 3.35, 10:23
ACB, 3.3477, 10:24
ACB, 3.33, 10:25
ACB, 3.335, 10:26
ACB, 3.34, 10:27
ACB, 3.335, 10:28
ACB, 3.3399, 10:29
ACB, 3.335, 10:30
ACB, 3.32, 10:31
ACB, 3.3172, 10:32
ACB, 3.34, 10:33
ACB, 3.3233, 10:34
ACB, 3.315, 10:35
ACB, 3.3199, 10:36
ACB, 3.32, 10:37
ACB, 3.32, 10:38
ACB, 3.34, 10:39
ACB, 3.3349, 10:40
ACB, 3.345, 10:41
ACB, 3.335, 10:42
ACB, 3.32, 10:43
ACB, 3.3298, 10:44
ACB, 3.33, 10:45
ACB, 3.3249, 10:46
ACB, 3.315, 10:47
ACB, 3.32, 10:48
ACB, 3.31, 10:49
ACB, 3.3157, 10:50
ACB, 3.31, 10:51
ACB, 3.315, 10:52
ACB, 3.3196, 10:53
ACB, 3.3171, 10:54
ACB, 3.315, 10:55
ACB, 3.315, 10:56
ACB, 3.305, 10:57
ACB, 3.3085, 10:58
ACB, 3.3099, 10:59
ACB, 3.305, 11:00
ACB, 3.3, 11:01
ACB, 3.31, 11:02
ACB, 3.3099, 11:03
ACB, 3.3031, 11:04
ACB, 3.305, 11:05
ACB, 3.305, 11:06
ACB, 3.305, 11:07
ACB, 3.3053, 11:08
ACB, 3.31, 11:09
ACB, 3.32, 11:10
ACB, 3.32, 11:11
ACB, 3.335, 11:12
ACB, 3.335, 11:13
ACB, 3.3399, 11:14
ACB, 3.34, 11:15
ACB, 3.345, 11:16
ACB, 3.3499, 11:17
ACB, 3.345, 11:18
ACB, 3.337, 11:19
ACB, 3.3252, 11:20
ACB, 3.3299, 11:21
ACB, 3.3246, 11:22
ACB, 3.323, 11:23
ACB, 3.3279, 11:24
ACB, 3.3201, 11:25
ACB, 3.33, 11:26
ACB, 3.33, 11:27
ACB, 3.3299, 11:28
ACB, 3.3235, 11:29
ACB, 3.3281, 11:30
ACB, 3.3201, 11:31
ACB, 3.3271, 11:32
ACB, 3.3299, 11:33
ACB, 3.325, 11:34
ACB, 3.325, 11:35
ACB, 3.3265, 11:36
ACB, 3.3203, 11:37
ACB, 3.325, 11:38
ACB, 3.34, 11:39
ACB, 3.327, 11:40
ACB, 3.325, 11:41
ACB, 3.33, 11:42
ACB, 3.325, 11:43
ACB, 3.3299, 11:44
ACB, 3.32, 11:45
ACB, 3.321, 11:46
ACB, 3.3291, 11:47
ACB, 3.33, 11:48
ACB, 3.335, 11:49
ACB, 3.34, 11:50
ACB, 3.335, 11:51
ACB, 3.333, 11:53
ACB, 3.34, 11:54
ACB, 3.3374, 11:55
ACB, 3.34, 11:56
ACB, 3.345, 11:57
ACB, 3.3499, 11:58
ACB, 3.33, 11:59
ACB, 3.345, 12:00
ACB, 3.35, 12:01
ACB, 3.3501, 12:02
ACB, 3.3501, 12:03
ACB, 3.3532, 12:04
ACB, 3.355, 12:05
ACB, 3.35, 12:06
ACB, 3.3525, 12:07
ACB, 3.36, 12:08
ACB, 3.353, 12:09
ACB, 3.345, 12:10
ACB, 3.34, 12:11
ACB, 3.3417, 12:12
ACB, 3.345, 12:13
ACB, 3.35, 12:14
ACB, 3.35, 12:15
ACB, 3.345, 12:16
ACB, 3.3361, 12:17
ACB, 3.33, 12:18
ACB, 3.33, 12:19
ACB, 3.3399, 12:20
ACB, 3.34, 12:21
ACB, 3.3417, 12:22
ACB, 3.34, 12:23
ACB, 3.335, 12:24
ACB, 3.3318, 12:25
ACB, 3.335, 12:26
ACB, 3.335, 12:27
ACB, 3.3331, 12:28
ACB, 3.3379, 12:29
ACB, 3.345, 12:30
ACB, 3.34, 12:31
ACB, 3.35, 12:32
ACB, 3.3471, 12:33
ACB, 3.3423, 12:34
ACB, 3.3467, 12:35
ACB, 3.3401, 12:36
ACB, 3.345, 12:37
ACB, 3.355, 12:38
ACB, 3.3599, 12:39
ACB, 3.345, 12:40
ACB, 3.34, 12:41
ACB, 3.33, 12:42
ACB, 3.335, 12:43
ACB, 3.33, 12:44
ACB, 3.33, 12:45
ACB, 3.33, 12:46
ACB, 3.325, 12:47
ACB, 3.325, 12:48
ACB, 3.325, 12:49
ACB, 3.33, 12:50
ACB, 3.3298, 12:51
ACB, 3.3235, 12:52
ACB, 3.3215, 12:53
ACB, 3.3299, 12:54
ACB, 3.3213, 12:55
ACB, 3.3299, 12:56
ACB, 3.325, 12:57
ACB, 3.3222, 12:58
ACB, 3.3101, 12:59
ACB, 3.3157, 13:00
ACB, 3.3199, 13:01
ACB, 3.32, 13:02
ACB, 3.315, 13:03
ACB, 3.3131, 13:04
ACB, 3.31, 13:05
ACB, 3.315, 13:06
ACB, 3.315, 13:07
ACB, 3.3136, 13:08
ACB, 3.315, 13:09
ACB, 3.305, 13:10
ACB, 3.3092, 13:11
ACB, 3.3, 13:12
ACB, 3.3, 13:13
ACB, 3.3, 13:14
ACB, 3.3, 13:15
ACB, 3.3076, 13:16
ACB, 3.3076, 13:17
ACB, 3.305, 13:18
ACB, 3.3, 13:19
ACB, 3.3001, 13:20
ACB, 3.315, 13:21
ACB, 3.31, 13:22
ACB, 3.315, 13:23
ACB, 3.315, 13:24
ACB, 3.315, 13:25
ACB, 3.3125, 13:26
ACB, 3.31, 13:27
ACB, 3.315, 13:28
ACB, 3.3199, 13:29
ACB, 3.31, 13:30
ACB, 3.3191, 13:31
ACB, 3.31, 13:32
ACB, 3.31, 13:33
ACB, 3.31, 13:34
ACB, 3.31, 13:35
ACB, 3.31, 13:36
ACB, 3.3119, 13:37
ACB, 3.3139, 13:38
ACB, 3.32, 13:39
ACB, 3.3192, 13:40
ACB, 3.3129, 13:41
ACB, 3.31, 13:42
ACB, 3.305, 13:43
ACB, 3.3, 13:45
ACB, 3.3099, 13:46
ACB, 3.305, 13:47
ACB, 3.305, 13:48
ACB, 3.305, 13:49
ACB, 3.305, 13:50
ACB, 3.3003, 13:51
ACB, 3.3092, 13:52
ACB, 3.3007, 13:53
ACB, 3.3099, 13:54
ACB, 3.305, 13:55
ACB, 3.3099, 13:56
ACB, 3.3072, 13:57
ACB, 3.305, 13:58
ACB, 3.3026, 13:59
ACB, 3.295, 14:00
ACB, 3.2999, 14:01
ACB, 3.31, 14:02
ACB, 3.32, 14:03
ACB, 3.3125, 14:04
ACB, 3.315, 14:05
ACB, 3.325, 14:06
ACB, 3.315, 14:07
ACB, 3.315, 14:08
ACB, 3.3143, 14:09
ACB, 3.32, 14:10
ACB, 3.315, 14:11
ACB, 3.315, 14:12
ACB, 3.32, 14:13
ACB, 3.3169, 14:14
ACB, 3.32, 14:15
ACB, 3.3191, 14:16
ACB, 3.3212, 14:17
ACB, 3.3219, 14:18
ACB, 3.32, 14:19
ACB, 3.31, 14:20
ACB, 3.32, 14:21
ACB, 3.3108, 14:22
ACB, 3.3191, 14:23
ACB, 3.315, 14:24
ACB, 3.32, 14:25
ACB, 3.32, 14:26
ACB, 3.3299, 14:27
ACB, 3.335, 14:28
ACB, 3.33, 14:29
ACB, 3.335, 14:30
ACB, 3.335, 14:31
ACB, 3.3388, 14:32
ACB, 3.335, 14:33
ACB, 3.335, 14:34
ACB, 3.34, 14:35
ACB, 3.33, 14:36
ACB, 3.335, 14:37
ACB, 3.33, 14:38
ACB, 3.3299, 14:39
ACB, 3.325, 14:40
ACB, 3.325, 14:41
ACB, 3.327, 14:42
ACB, 3.33, 14:43
ACB, 3.325, 14:44
ACB, 3.32, 14:45
ACB, 3.3238, 14:46
ACB, 3.31, 14:47
ACB, 3.31, 14:48
ACB, 3.31, 14:49
ACB, 3.3119, 14:50
ACB, 3.31, 14:51
ACB, 3.315, 14:52
ACB, 3.31, 14:53
ACB, 3.3226, 14:54
ACB, 3.3225, 14:55
ACB, 3.32, 14:56
ACB, 3.325, 14:57
ACB, 3.3299, 14:58
ACB, 3.34, 14:59
ACB, 3.38, 15:00
ACB, 3.33, 15:18
ACB, 3.3, 15:21
ACB, 3.3101, 15:27
ACB, 3.31, 15:32
ACB, 3.31, 15:33
ACB, 3.31, 15:39
ACB, 3.32, 15:41
ACB, 3.33, 15:53
ACB, 3.34, 16:08
ACB, 3.32, 16:10
ACB, 3.33, 16:13
ACB, 3.33, 16:16
ACB, 3.33, 16:17
ACB, 3.33, 16:23
ACB, 3.32, 16:24
ACB, 3.32, 16:25
ACB, 3.33, 16:26
ACB, 3.33, 16:32
ACB, 3.32, 16:34
ACB, 3.33, 16:36
ACB, 3.34, 16:40
ACB, 3.34, 16:43
ACB, 3.34, 16:51
ACB, 3.34, 17:10
ACB, 3.32, 17:36
ACB, 3.32, 17:38
ACB, 3.33, 17:51
ACB, 3.35, 18:29
ACB, 3.34, 18:41
ACB, 3.33, 18:44
ACB, 3.34, 18:46
ACB, 3.34, 18:47
ACB, 3.3499, 18:51
ACB, 3.35, 18:54
ACB, 3.36, 18:58
