ADIL, 1.93, 08:25
ADIL, 1.94, 08:30
ADIL, 1.95, 08:31
ADIL, 2.0, 08:39
ADIL, 2.0, 08:40
ADIL, 2.0, 08:45
ADIL, 1.95, 08:46
ADIL, 1.9, 09:09
ADIL, 1.9, 09:10
ADIL, 1.9, 09:11
ADIL, 1.9, 09:12
ADIL, 1.8501, 09:13
ADIL, 1.86, 09:17
ADIL, 1.9, 09:20
ADIL, 1.93, 09:24
ADIL, 1.936, 09:26
ADIL, 1.9273, 09:31
ADIL, 1.94, 09:38
ADIL, 1.91, 09:55
ADIL, 1.9001, 09:56
ADIL, 1.92, 10:09
ADIL, 1.85, 10:10
ADIL, 1.9, 10:11
ADIL, 1.88, 10:12
ADIL, 1.8873, 10:15
ADIL, 1.895, 10:20
ADIL, 2.0, 10:23
ADIL, 1.99, 10:24
ADIL, 1.99, 10:26
ADIL, 1.9771, 10:27
ADIL, 2.015, 10:32
ADIL, 1.9993, 10:34
ADIL, 1.988, 10:35
ADIL, 1.96, 10:36
ADIL, 1.9775, 10:40
ADIL, 1.99, 10:50
ADIL, 2.0, 10:54
ADIL, 1.99, 11:34
ADIL, 1.99, 11:35
ADIL, 1.99, 11:37
ADIL, 1.9716, 11:42
ADIL, 1.97, 11:48
ADIL, 1.96, 11:49
ADIL, 1.97, 11:57
ADIL, 1.94, 11:58
ADIL, 1.935, 12:02
ADIL, 1.94, 12:07
ADIL, 1.96, 12:34
ADIL, 1.96, 12:35
ADIL, 1.96, 12:43
ADIL, 1.9739, 12:45
ADIL, 1.95, 12:51
ADIL, 1.9501, 12:59
ADIL, 1.965, 13:14
ADIL, 2.0, 13:15
ADIL, 1.97, 13:16
ADIL, 1.97, 13:17
ADIL, 1.96, 13:18
ADIL, 1.97, 13:19
ADIL, 1.97, 13:20
ADIL, 1.9703, 13:23
ADIL, 1.97, 13:24
ADIL, 1.97, 13:25
ADIL, 2.0, 13:26
ADIL, 2.0, 13:27
ADIL, 1.9805, 13:29
ADIL, 2.0, 13:30
ADIL, 1.986, 13:33
ADIL, 1.9554, 13:34
ADIL, 1.9662, 13:37
ADIL, 1.9662, 13:38
ADIL, 1.9662, 13:43
ADIL, 1.95, 13:44
ADIL, 1.9721, 13:45
ADIL, 1.9576, 13:46
ADIL, 1.9662, 13:47
ADIL, 1.9662, 13:48
ADIL, 1.95, 13:49
ADIL, 1.94, 13:51
ADIL, 1.93, 13:52
ADIL, 1.92, 13:55
ADIL, 1.9201, 13:56
ADIL, 1.93, 13:58
ADIL, 1.933, 13:59
ADIL, 1.9325, 14:05
ADIL, 1.935, 14:16
ADIL, 1.935, 14:17
ADIL, 1.94, 14:18
ADIL, 1.9302, 14:19
ADIL, 1.9324, 14:20
ADIL, 1.925, 14:21
ADIL, 1.9208, 14:25
ADIL, 1.9208, 14:28
ADIL, 1.925, 14:37
ADIL, 1.93, 14:40
ADIL, 1.93, 14:47
ADIL, 1.92, 14:50
ADIL, 1.9, 14:51
ADIL, 1.9, 14:52
ADIL, 1.91, 14:53
ADIL, 1.9, 14:54
ADIL, 1.9, 14:56
ADIL, 1.9, 14:57
ADIL, 1.9, 14:58
ADIL, 1.88, 14:59
ADIL, 1.88, 15:00
ADIL, 1.8504, 15:31
ADIL, 1.86, 18:44
